link,had_collected
https://www.youtube.com/watch?v=npNmyb-qqGw,1
https://www.youtube.com/watch?v=oBXSvS2QKxU,1
https://www.youtube.com/watch?v=yWEUL3crU_E,1
https://www.youtube.com/watch?v=JgJrQnDIRgg,1
https://www.youtube.com/watch?v=oiZvK6MY7tI,0
https://www.youtube.com/watch?v=F0OkwXKcPSE,0
https://www.youtube.com/watch?v=NfhuGUyWYfQ,0
https://www.youtube.com/watch?v=TDv56whosPQ,0
https://www.youtube.com/watch?v=R_BmT1OJw98,0
https://www.youtube.com/watch?v=V6In4tmd-w8,0
https://www.youtube.com/watch?v=c2ukL_zjFCk,0
https://www.youtube.com/watch?v=DZIASl9q90s,0
https://www.youtube.com/watch?v=0yPgljFcTR4,0
https://www.youtube.com/watch?v=3dxksf0CzS8,0
https://www.youtube.com/watch?v=M1STzb7k9L8,0
https://www.youtube.com/watch?v=Tbn4cYCaZCk,0
https://www.youtube.com/watch?v=zajUgQLviwk,0
https://www.youtube.com/watch?v=nAiKLoCP-kU,0
https://www.youtube.com/watch?v=NDsO1LT_0lw,0
https://www.youtube.com/watch?v=sF5LYGgKbUA,0
https://www.youtube.com/watch?v=EvqtfK_RaRg,0
https://www.youtube.com/watch?v=gs8qfL9PNac,0
https://www.youtube.com/watch?v=SWc8fI_9iqA,0
https://www.youtube.com/watch?v=Xj0Jtjg3lHQ,0
https://www.youtube.com/watch?v=bn0Kh9c4Zv4,0
https://www.youtube.com/watch?v=8krJy31Diow,0
https://www.youtube.com/watch?v=QtD-CeUdRUQ,0
https://www.youtube.com/watch?v=8bTQMDM4qvY,0
https://www.youtube.com/watch?v=U_LlX4t0A9I,0
https://www.youtube.com/watch?v=snUyLbGx6U4,0
https://www.youtube.com/watch?v=Pv0iVoSZzN8,0
https://www.youtube.com/watch?v=7ESeQBeikKs,0
https://www.youtube.com/watch?v=c0v8OPItCOg,0
https://www.youtube.com/watch?v=3OFj6l2tQ9s,0
https://www.youtube.com/watch?v=L5kIXRdwGAI,0
https://www.youtube.com/watch?v=19NmWqv4Alk,0
https://www.youtube.com/watch?v=yhB3BgJyGl8,0
https://www.youtube.com/watch?v=ooAwCOP67GQ,0
https://www.youtube.com/watch?v=YLt73w6criQ,0
https://www.youtube.com/watch?v=lglIQkCHO0g,0
https://www.youtube.com/watch?v=7IKab3HcfFk,0
https://www.youtube.com/watch?v=h5NvTTOlOtI,0
https://www.youtube.com/watch?v=se50viFJ0AQ,0
https://www.youtube.com/watch?v=kX3nB4PpJko,0
https://www.youtube.com/watch?v=iogcY_4xGjo,0
https://www.youtube.com/watch?v=tVWWp1PqDus,0
https://www.youtube.com/watch?v=vaIgyRoUkQI,0
https://www.youtube.com/watch?v=Hwybp38GnZw,0
https://www.youtube.com/watch?v=zxYjTTXc-J8,0
https://www.youtube.com/watch?v=ktyJIj6i4Qw,0
https://www.youtube.com/watch?v=nM89Wl03Q4g,0
https://www.youtube.com/watch?v=TQHEJj68Jew,0
https://www.youtube.com/watch?v=Oo9EbArcQ1c,0
https://www.youtube.com/watch?v=zo7i8VTpfNM,0
https://www.youtube.com/watch?v=4l97aNza_Zc,0
https://www.youtube.com/watch?v=_AbFXuGDRTs,0
https://www.youtube.com/watch?v=Z4hVGCWH1Kc,0
https://www.youtube.com/watch?v=pzBi1nwDn8U,0
https://www.youtube.com/watch?v=FWAdfuPpLOc,0
https://www.youtube.com/watch?v=pe_ejTiIcSs,0
https://www.youtube.com/watch?v=hTSaweR8qMI,0
https://www.youtube.com/watch?v=-4GmbBoYQjE,0
https://www.youtube.com/watch?v=uyiG6uw-6pA,0
https://www.youtube.com/watch?v=figrl0aOULs,0
https://www.youtube.com/watch?v=aKq8bkY5eTU,0
https://www.youtube.com/watch?v=SM66GDRyIVY,0
https://www.youtube.com/watch?v=0BjlBnfHcHM,0
https://www.youtube.com/watch?v=snX5YyflrGw,0
https://www.youtube.com/watch?v=aRcUVhVlSHg,0
https://www.youtube.com/watch?v=ndAQfTzlVjc,0
https://www.youtube.com/watch?v=UPrkC1LdlLY,0
https://www.youtube.com/watch?v=4SNThp0YiU4,0
https://www.youtube.com/watch?v=KkCXLABwHP0,0
https://www.youtube.com/watch?v=PWirijQkH4M,0
https://www.youtube.com/watch?v=F6PqxbvOCUI,0
https://www.youtube.com/watch?v=l-nMKJ5J3Uc,0
https://www.youtube.com/watch?v=erLbbextvlY,0
https://www.youtube.com/watch?v=mKdjycj-7eE,0
https://www.youtube.com/watch?v=tWYsfOSY9vY,0
https://www.youtube.com/watch?v=KOEfDvr4DcQ,0
https://www.youtube.com/watch?v=krsBRQbOPQ4,0
https://www.youtube.com/watch?v=K_CbgLpvH9E,0
https://www.youtube.com/watch?v=lOKASgtr6kU,0
https://www.youtube.com/watch?v=9RhWXPcKBI8,0
https://www.youtube.com/watch?v=tnTPaLOaHz8,0
https://www.youtube.com/watch?v=Wdjh81uH6FU,0
https://www.youtube.com/watch?v=7dYTw-jAYkY,0
https://www.youtube.com/watch?v=mwKJfNYwvm8,0
https://www.youtube.com/watch?v=QjvpjXdgugA,0
https://www.youtube.com/watch?v=3ryID_SwU5E,0
https://www.youtube.com/watch?v=KrLj6nc516A,0
https://www.youtube.com/watch?v=vBpQ1SlfVtU,0
https://www.youtube.com/watch?v=J_z-W4UVHkw,0
https://www.youtube.com/watch?v=jObOjhUkf50,0
https://www.youtube.com/watch?v=fuhE6PYnRMc,0
https://www.youtube.com/watch?v=48h57PspBec,0
https://www.youtube.com/watch?v=FM7Z-Xq8Drc,0
https://www.youtube.com/watch?v=WTOm65IZneg,0
https://www.youtube.com/watch?v=1WEAJ-DFkHE,0
https://www.youtube.com/watch?v=TJ2ifmkGGus,0
https://www.youtube.com/watch?v=0CTp1a-aCUM,0
https://www.youtube.com/watch?v=gHzuabZUd6c,0
https://www.youtube.com/watch?v=65fN_OUawjk,0
https://www.youtube.com/watch?v=jdMNoQE3mIQ,0
https://www.youtube.com/watch?v=2isYuQZMbdU,0
https://www.youtube.com/watch?v=hD1YtmKXNb4,0
https://www.youtube.com/watch?v=LnlKwzc_TNA,0
https://www.youtube.com/watch?v=3jS_yEK8qVI,0
https://www.youtube.com/watch?v=00NgUctWoLQ,0
https://www.youtube.com/watch?v=x9TQ6culXIA,0
https://www.youtube.com/watch?v=QbJJwaVdgIs,0
https://www.youtube.com/watch?v=0e3GPea1Tyg,0
https://www.youtube.com/watch?v=cV2gBU6hKfY,0
https://www.youtube.com/watch?v=qIsgdOVGA04,0
https://www.youtube.com/watch?v=cExLQ1o2pDw,0
https://www.youtube.com/watch?v=uocETPj4Jx4,0
https://www.youtube.com/watch?v=hxwpkM5w3Cc,0
https://www.youtube.com/watch?v=urtFrxDUV6c,0
https://www.youtube.com/watch?v=NZlClr_ivb4,0
https://www.youtube.com/watch?v=E6E22XQPhhg,0
https://www.youtube.com/watch?v=WcwGleN38zE,0
https://www.youtube.com/watch?v=fMfipiV_17o,0
https://www.youtube.com/watch?v=ayXxwJJId_c,0
https://www.youtube.com/watch?v=9bqk6ZUsKyA,0
https://www.youtube.com/watch?v=DuQbOQwVaNE,0
https://www.youtube.com/watch?v=vJH28ICkCdU,0
https://www.youtube.com/watch?v=_uwNDiU04zE,0
https://www.youtube.com/watch?v=C680oxL__ck,0
https://www.youtube.com/watch?v=5Fg9oZk-5uA,0
https://www.youtube.com/watch?v=PKtnafFtfEo,0
https://www.youtube.com/watch?v=f0c7pSCoZqE,0
https://www.youtube.com/watch?v=dg2Ag3e8W-Q,0
https://www.youtube.com/watch?v=LeYsRMZFUq0,0
https://www.youtube.com/watch?v=Dc2ZRmuH5OM,0
https://www.youtube.com/watch?v=GLoeAJUcz38,0
https://www.youtube.com/watch?v=SZQhgExjBvQ,0
https://www.youtube.com/watch?v=IoZri9hq7z4,0
https://www.youtube.com/watch?v=vp5sSqyZ5Go,0
https://www.youtube.com/watch?v=AKJfakEsgy0,0
https://www.youtube.com/watch?v=Vl3swga-Xrk,0
https://www.youtube.com/watch?v=UE5AHE2Ypr8,0
https://www.youtube.com/watch?v=TDiXxsQ0w2Q,0
https://www.youtube.com/watch?v=oD155zWANQg,0
https://www.youtube.com/watch?v=s1ax8Tx_Jz0,0
https://www.youtube.com/watch?v=NkE0AMGzpJY,0
https://www.youtube.com/watch?v=FbM1yi4mMMc,0
https://www.youtube.com/watch?v=5V2B28OqfqM,0
https://www.youtube.com/watch?v=Rj_vssRaZlQ,0
https://www.youtube.com/watch?v=YQDDm9HLkV4,0
https://www.youtube.com/watch?v=erQ_9yEz0ls,0
https://www.youtube.com/watch?v=OAbP-V6fEVc,0
https://www.youtube.com/watch?v=_qAJMXfL6o0,0
https://www.youtube.com/watch?v=59AYXzCa-Cs,0
https://www.youtube.com/watch?v=r7zJ8srwwjk,0
https://www.youtube.com/watch?v=YSoJPA8-oHc,0
https://www.youtube.com/watch?v=5Hg_QSIJm8I,0
https://www.youtube.com/watch?v=gsWPpE4Rid0,0
https://www.youtube.com/watch?v=HBMmK1c44sE,0
https://www.youtube.com/watch?v=oBYbxw8f5OI,0
https://www.youtube.com/watch?v=AiGKBNGlzHo,0
https://www.youtube.com/watch?v=_mdKvblL_8s,0
https://www.youtube.com/watch?v=yXWw0_UfSFg,0
https://www.youtube.com/watch?v=F4Y3Pkn95GI,0
https://www.youtube.com/watch?v=KSKJKLmAqpI,0
https://www.youtube.com/watch?v=IYVjOfoU3uI,0
https://www.youtube.com/watch?v=oI6aXhowFDY,0
https://www.youtube.com/watch?v=LdMx2U5tby0,0
https://www.youtube.com/watch?v=fY-LA3YaZ_M,0
https://www.youtube.com/watch?v=0hVZOJCYBBM,0
https://www.youtube.com/watch?v=Z9WQy9jEY8M,0
https://www.youtube.com/watch?v=bs0SWXbty18,0
https://www.youtube.com/watch?v=yeqARWqjkps,0
https://www.youtube.com/watch?v=wMuYiLby3-s,0
https://www.youtube.com/watch?v=NbaWrbJDr48,0
https://www.youtube.com/watch?v=sfv1QaRzJg8,0
https://www.youtube.com/watch?v=RwnN2FVaHmw,0
https://www.youtube.com/watch?v=X1jMMFOqxEw,0
https://www.youtube.com/watch?v=ORUX1lHbOa8,0
https://www.youtube.com/watch?v=LU_xVr4b2qM,0
https://www.youtube.com/watch?v=tQ4m4zD7BBA,0
https://www.youtube.com/watch?v=D9lVNzyhYnc,0
https://www.youtube.com/watch?v=jokVbbLqV_E,0
https://www.youtube.com/watch?v=HPJKxAhLw5I,0
https://www.youtube.com/watch?v=Ims5p6wjW9s,0
https://www.youtube.com/watch?v=anFxsa5jXrE,0
https://www.youtube.com/watch?v=QxGVgXf_LNk,0
https://www.youtube.com/watch?v=al6130OD1Ck,0
https://www.youtube.com/watch?v=d1010B3sKNQ,0
https://www.youtube.com/watch?v=NS3hse9ezik,0
https://www.youtube.com/watch?v=npDey6_9YRs,0
https://www.youtube.com/watch?v=0NGWT9COcEI,0
https://www.youtube.com/watch?v=3LLnjRLrvLU,0
https://www.youtube.com/watch?v=bTrV5v7GLcQ,0
https://www.youtube.com/watch?v=lBYC4_Lccjw,0
https://www.youtube.com/watch?v=gL6iSCSHjco,0
https://www.youtube.com/watch?v=UQtltNZ_pjs,0
https://www.youtube.com/watch?v=0DaMUhgcAqo,0
https://www.youtube.com/watch?v=TOcGSwJBPMQ,0
https://www.youtube.com/watch?v=ws694xrKopA,0
https://www.youtube.com/watch?v=UtnsWzaoRtg,0
https://www.youtube.com/watch?v=6wsFjjhZPJI,0
https://www.youtube.com/watch?v=Rmf6T_Ewt38,0
https://www.youtube.com/watch?v=n6qc4LHN2KQ,0
https://www.youtube.com/watch?v=2eFSU7TFOnk,0
https://www.youtube.com/watch?v=RCvnytndd9c,0
https://www.youtube.com/watch?v=AA-VpIj8F5Y,0
https://www.youtube.com/watch?v=fWcSBWadolA,0
https://www.youtube.com/watch?v=YyhKdOCwD7s,0
https://www.youtube.com/watch?v=ha4tRQwKIUg,0
https://www.youtube.com/watch?v=xRwy_rKc7gI,0
https://www.youtube.com/watch?v=H1WBdh56Vq4,0
https://www.youtube.com/watch?v=xhIYirjB4Yc,0
https://www.youtube.com/watch?v=HfJMs4mrSJM,0
https://www.youtube.com/watch?v=tYHTVjfShOA,0
https://www.youtube.com/watch?v=JTQcIR2ZxU4,0
https://www.youtube.com/watch?v=xpNeg0hPZIs,0
https://www.youtube.com/watch?v=9yrdFAJUSaU,0
https://www.youtube.com/watch?v=i2O6GMpNWGo,0
https://www.youtube.com/watch?v=Y6jC6VaO3j0,0
https://www.youtube.com/watch?v=Ooke4YZv8Ts,0
https://www.youtube.com/watch?v=ZV7rU6lnAKQ,0
https://www.youtube.com/watch?v=iUzi5JmJNWc,0
https://www.youtube.com/watch?v=9cCpZl8euLI,0
https://www.youtube.com/watch?v=I046_n20d3s,0
https://www.youtube.com/watch?v=2nd73lyvq4w,0
https://www.youtube.com/watch?v=nuM0Z4a7kMs,0
https://www.youtube.com/watch?v=qPBtTPJHS0Q,0
https://www.youtube.com/watch?v=A-vX1AGBGsc,0
https://www.youtube.com/watch?v=IiW2smvEcBM,0
https://www.youtube.com/watch?v=q6Qw8mUVTrE,0
https://www.youtube.com/watch?v=dBxOYE2j55U,0
https://www.youtube.com/watch?v=984NGLLYDUg,0
https://www.youtube.com/watch?v=7zi0bi-RDj4,0
https://www.youtube.com/watch?v=XaxhLbxZ13k,0
https://www.youtube.com/watch?v=L8nh1wuXTbI,0
https://www.youtube.com/watch?v=9-HphHIJS9c,0
https://www.youtube.com/watch?v=rPXmbM2UEbU,0
https://www.youtube.com/watch?v=sESRuTyfsEk,0
https://www.youtube.com/watch?v=QapO3maXd9k,0
https://www.youtube.com/watch?v=71VpdDb8e6U,0
https://www.youtube.com/watch?v=Su34c5Z8DW4,0
https://www.youtube.com/watch?v=e5DqdX-7_g4,0
https://www.youtube.com/watch?v=9vB-48kHbBU,0
https://www.youtube.com/watch?v=3ix_gbcubTo,0
https://www.youtube.com/watch?v=mGIpOtncmSM,0
https://www.youtube.com/watch?v=VqnQ-0q2gb4,0
https://www.youtube.com/watch?v=3TflpIllQHY,0
https://www.youtube.com/watch?v=1SwVSTKFCsc,0
https://www.youtube.com/watch?v=ZPuEUe_8SRM,0
https://www.youtube.com/watch?v=gKVZz4kcuns,0
https://www.youtube.com/watch?v=xBP9EUQIkNs,0
https://www.youtube.com/watch?v=qZNxvnQv0h4,0
https://www.youtube.com/watch?v=uE6gud1voDs,0
https://www.youtube.com/watch?v=f0M64XpmTz8,0
https://www.youtube.com/watch?v=Gz3yak1cl-8,0
https://www.youtube.com/watch?v=9GD6hbqu2oM,0
https://www.youtube.com/watch?v=GUWGsIVEMSQ,0
https://www.youtube.com/watch?v=wDqJZ_2ZA3A,0
https://www.youtube.com/watch?v=RywkkwO78m8,0
https://www.youtube.com/watch?v=P4qWhSZ7_WA,0
https://www.youtube.com/watch?v=UlUcwJc5nBs,0
https://www.youtube.com/watch?v=qAW6CE7_bFM,0
https://www.youtube.com/watch?v=tBEBc4KQVsU,0
https://www.youtube.com/watch?v=q0OK-zHnvnA,0
https://www.youtube.com/watch?v=bFZdU9dr4OM,0
https://www.youtube.com/watch?v=nd-bwvNB7YA,0
https://www.youtube.com/watch?v=6_im_hGxGRk,0
https://www.youtube.com/watch?v=b91vrgVY-ZQ,0
https://www.youtube.com/watch?v=52ubXjlVzUY,0
https://www.youtube.com/watch?v=XHb7g6yuGgE,0
https://www.youtube.com/watch?v=rH1D_3G56DY,0
https://www.youtube.com/watch?v=-0zoWMSEOGg,0
https://www.youtube.com/watch?v=WRzIuC2MKOU,0
https://www.youtube.com/watch?v=foLlul8Tl3E,0
https://www.youtube.com/watch?v=3iaDrpKdaIc,0
https://www.youtube.com/watch?v=qrIh-ZHN4-E,0
https://www.youtube.com/watch?v=mpZWt5pGKZ8,0
https://www.youtube.com/watch?v=vbph9F_pRNI,0
https://www.youtube.com/watch?v=wbzD04leeLI,0
https://www.youtube.com/watch?v=MC5h-ShR-S8,0
https://www.youtube.com/watch?v=dp8IaLrZpGs,0
https://www.youtube.com/watch?v=97Gh93Daio0,0
https://www.youtube.com/watch?v=t4OumncEiKo,0
https://www.youtube.com/watch?v=Ejou8aa5eZk,0
https://www.youtube.com/watch?v=ehEuczQUh8E,0
https://www.youtube.com/watch?v=uBC7805Smsg,0
https://www.youtube.com/watch?v=d8pJkuSp1iI,0
https://www.youtube.com/watch?v=dFr5YQaQQdo,0
https://www.youtube.com/watch?v=xBLxMfO3pDw,0
https://www.youtube.com/watch?v=d7QmQtNwhcU,0
https://www.youtube.com/watch?v=NZR4WEjpOQg,0
https://www.youtube.com/watch?v=vETSAZgfDP4,0
https://www.youtube.com/watch?v=zE3FLbpu9-Q,0
https://www.youtube.com/watch?v=Izmibu7dxcs,0
https://www.youtube.com/watch?v=2Pvt8awds44,0
https://www.youtube.com/watch?v=n9BbAfbsyj0,0
https://www.youtube.com/watch?v=WZ2rYlVxt4g,0
https://www.youtube.com/watch?v=CWK6an4mYL0,0
https://www.youtube.com/watch?v=VwWV4JelEzY,0
https://www.youtube.com/watch?v=koRKIlRQj4g,0
https://www.youtube.com/watch?v=XKFKPQHdWRI,0
https://www.youtube.com/watch?v=yuGEB4ZZdUQ,0
https://www.youtube.com/watch?v=szt8xabJoSo,0
https://www.youtube.com/watch?v=Fbl3E_XCQfA,0
https://www.youtube.com/watch?v=Pe3pGsCeYXg,0
https://www.youtube.com/watch?v=yzGmnjDFuZE,0
https://www.youtube.com/watch?v=l_huIWJBhJM,0
https://www.youtube.com/watch?v=7ALCsEyn3mg,0
https://www.youtube.com/watch?v=CvMRiR4k49Y,0
https://www.youtube.com/watch?v=g2rbhIB-ITM,0
https://www.youtube.com/watch?v=nLpqZEAFnkE,0
https://www.youtube.com/watch?v=sirrTXiPFmw,0
https://www.youtube.com/watch?v=nRkwuTOESCc,0
https://www.youtube.com/watch?v=AS6WMS_Bemg,0
https://www.youtube.com/watch?v=wMn8d7IeCYM,0
https://www.youtube.com/watch?v=BMZP4CtphaU,0
https://www.youtube.com/watch?v=93s1JECSy60,0
https://www.youtube.com/watch?v=YR6Wh2Zy9jE,0
https://www.youtube.com/watch?v=5PCxQSMOl3o,0
https://www.youtube.com/watch?v=5qzAVMe_SnM,0
https://www.youtube.com/watch?v=zAAXW7ySu1k,0
https://www.youtube.com/watch?v=sx5k8xd_VoU,0
https://www.youtube.com/watch?v=uotb9ZHnI2g,0
https://www.youtube.com/watch?v=nPlqRbVFBHI,0
https://www.youtube.com/watch?v=_FX6rml2Yjs,0
https://www.youtube.com/watch?v=kupaqq-xJ_8,0
https://www.youtube.com/watch?v=4KVmSG6KS2k,0
https://www.youtube.com/watch?v=Lx9fRu5ehFo,0
https://www.youtube.com/watch?v=ZJwX2jTXWwQ,0
https://www.youtube.com/watch?v=N_GMakKf7G4,0
https://www.youtube.com/watch?v=63gyUQ_JeOE,0
https://www.youtube.com/watch?v=IZVbzNRUlQI,0
https://www.youtube.com/watch?v=8D3vI1615K4,0
https://www.youtube.com/watch?v=igVcy5dtN80,0
https://www.youtube.com/watch?v=dEOlvTqYUNo,0
https://www.youtube.com/watch?v=AS5CxLCWq-Q,0
https://www.youtube.com/watch?v=jtOalDNVrKM,0
https://www.youtube.com/watch?v=dDYP56hEYF0,0
https://www.youtube.com/watch?v=iengNekeTNo,0
https://www.youtube.com/watch?v=rqUvnLPvbrM,0
https://www.youtube.com/watch?v=9CVwXBYVqVk,0
https://www.youtube.com/watch?v=i8pmk5xnO2s,0
https://www.youtube.com/watch?v=xWcldHxHFpo,0
https://www.youtube.com/watch?v=YH1-fDzHHpo,0
https://www.youtube.com/watch?v=ntlG5XgYg4k,0
https://www.youtube.com/watch?v=Qy17S3g8ZuY,0
https://www.youtube.com/watch?v=PJyWmlWNor8,0
https://www.youtube.com/watch?v=KzwTYZ2W3ZA,0
https://www.youtube.com/watch?v=9fa_JYTPZ2Y,0
https://www.youtube.com/watch?v=t1BWMa8btIw,0
https://www.youtube.com/watch?v=2O8wta4FsD4,0
https://www.youtube.com/watch?v=dSDBr0WjrwQ,0
https://www.youtube.com/watch?v=DbC9CauTXoM,0
https://www.youtube.com/watch?v=yhNcDBnQsEY,0
https://www.youtube.com/watch?v=Wyyqz3OxB5c,0
https://www.youtube.com/watch?v=KO8B2kw_Jxs,0
https://www.youtube.com/watch?v=NEDPgQYhbqs,0
https://www.youtube.com/watch?v=RPcXg2-0ejw,0
https://www.youtube.com/watch?v=jhYG5BStQSk,0
https://www.youtube.com/watch?v=wTIPpjUgAFE,0
https://www.youtube.com/watch?v=Fzh65vCyHWQ,0
https://www.youtube.com/watch?v=vBp0bzVr09s,0
https://www.youtube.com/watch?v=AXjdI_LHWJU,0
https://www.youtube.com/watch?v=dJCsc_Cq9i4,0
https://www.youtube.com/watch?v=bqpKlkPpT10,0
https://www.youtube.com/watch?v=TIIU1ivhLKs,0
https://www.youtube.com/watch?v=G4qOiwIE_o0,0
https://www.youtube.com/watch?v=yozl6enFC-w,0
https://www.youtube.com/watch?v=LP_mGU3CgXk,0
https://www.youtube.com/watch?v=DoIQMkoYSzw,0
https://www.youtube.com/watch?v=e-If_d_bzfI,0
https://www.youtube.com/watch?v=5J6-5g2alp8,0
https://www.youtube.com/watch?v=qjGNBluF6_I,0
https://www.youtube.com/watch?v=TLoDwqQF5ug,0
https://www.youtube.com/watch?v=uAFGIQPWL54,0
https://www.youtube.com/watch?v=SaDDjW9Rw-M,0
https://www.youtube.com/watch?v=CHdy9wND1jo,0
https://www.youtube.com/watch?v=9LiS_3HEErU,0
https://www.youtube.com/watch?v=hRj5qNfkdO0,0
https://www.youtube.com/watch?v=ocruJKe2tFk,0
https://www.youtube.com/watch?v=MgRMNzKknto,0
https://www.youtube.com/watch?v=XW1TsAVdXsw,0
https://www.youtube.com/watch?v=Qhdj_Umh1IE,0
https://www.youtube.com/watch?v=fN_RQFqaGHI,0
https://www.youtube.com/watch?v=hC3xW8xeCDs,0
https://www.youtube.com/watch?v=xGJEPTCw9GU,0
https://www.youtube.com/watch?v=FmjsePPBbdU,0
https://www.youtube.com/watch?v=lMLEcUXz6T8,0
https://www.youtube.com/watch?v=BKJy7BFP3Is,0
https://www.youtube.com/watch?v=1gfgZhW3YgU,0
https://www.youtube.com/watch?v=VXmKt_1T0QM,0
https://www.youtube.com/watch?v=6XCUHLhdnEY,0
https://www.youtube.com/watch?v=ttWTSskmxTA,0
https://www.youtube.com/watch?v=5bCyFf8lSfk,0
https://www.youtube.com/watch?v=ngVEpJs5A5s,0
https://www.youtube.com/watch?v=zjC48c3ptt0,0
https://www.youtube.com/watch?v=rS2sntC-lJI,0
https://www.youtube.com/watch?v=fG1N5kzeAhM,0
https://www.youtube.com/watch?v=vT_gRRMjDi0,0
https://www.youtube.com/watch?v=dfcPUqiivDY,0
https://www.youtube.com/watch?v=zCR6DJX7Kak,0
https://www.youtube.com/watch?v=4cX-w-ia0RU,0
https://www.youtube.com/watch?v=2nVjy-zd65Q,0
https://www.youtube.com/watch?v=xlzpD4GeBW0,0
https://www.youtube.com/watch?v=8ZTy3K2QgOY,0
https://www.youtube.com/watch?v=k9zko79_3_I,0
https://www.youtube.com/watch?v=fYnPyLfxSJg,0
https://www.youtube.com/watch?v=pBH_QL4JGcI,0
https://www.youtube.com/watch?v=1wtFD9zSQO8,0
https://www.youtube.com/watch?v=VqhjiwmGNKA,0
https://www.youtube.com/watch?v=EhZ9gHZOZT8,0
https://www.youtube.com/watch?v=LHtkve6-O0g,0
https://www.youtube.com/watch?v=m3Ol8zn7brk,0
https://www.youtube.com/watch?v=qBiZA4QDsj0,0
https://www.youtube.com/watch?v=NeOrh4GnPZ4,0
https://www.youtube.com/watch?v=fWhfOAuOqjY,0
https://www.youtube.com/watch?v=9Ax56oRhcZc,0
https://www.youtube.com/watch?v=-cWVrFABWHw,0
https://www.youtube.com/watch?v=z7qtJAAV5d0,0
https://www.youtube.com/watch?v=9pk-neTrDoM,0
https://www.youtube.com/watch?v=JQscW6DfNZY,0
https://www.youtube.com/watch?v=9smE_EiKJ8Q,0
https://www.youtube.com/watch?v=hfaPkoXeYfU,0
https://www.youtube.com/watch?v=u0hHxeWkB_o,0
https://www.youtube.com/watch?v=64WGWubQO3I,0
https://www.youtube.com/watch?v=QJUs6CSRCFU,0
https://www.youtube.com/watch?v=Om4c4ilT_6g,0
https://www.youtube.com/watch?v=GbOfxRfHdeg,0
https://www.youtube.com/watch?v=yzxYCRDcGDs,0
https://www.youtube.com/watch?v=PCakYf_PnT0,0
https://www.youtube.com/watch?v=8nv_ltg4RAg,0
https://www.youtube.com/watch?v=VvphlSvCyj8,0
https://www.youtube.com/watch?v=JP3v6UxI124,0
https://www.youtube.com/watch?v=jRURlbRAUhI,0
https://www.youtube.com/watch?v=I_3R9YGFlHE,0
https://www.youtube.com/watch?v=xjJJ_wDlc1E,0
https://www.youtube.com/watch?v=cqirhwhq_qM,0
https://www.youtube.com/watch?v=3IQdDBwc42o,0
https://www.youtube.com/watch?v=4YHnf3YepwU,0
https://www.youtube.com/watch?v=uxzBq4Y_fNw,0
https://www.youtube.com/watch?v=HIhUkvAG0o4,0
https://www.youtube.com/watch?v=cpI5lCaqZcQ,0
https://www.youtube.com/watch?v=6zQhLOw1nw8,0
https://www.youtube.com/watch?v=mfvi_jgdVqE,0
https://www.youtube.com/watch?v=zExxMxcoJ6A,0
https://www.youtube.com/watch?v=hD_Af6W2qug,0
https://www.youtube.com/watch?v=XOtTKQujlkI,0
https://www.youtube.com/watch?v=dRqthQ2Mc_0,0
https://www.youtube.com/watch?v=8TFq_vvO_Wg,0
https://www.youtube.com/watch?v=oo8ve4Ldpck,0
https://www.youtube.com/watch?v=sKn8Tbp2a-4,0
https://www.youtube.com/watch?v=g0IrVKXIbmE,0
https://www.youtube.com/watch?v=2Om2M4_Kyd0,0
https://www.youtube.com/watch?v=KaaEivIqX6M,0
https://www.youtube.com/watch?v=W4gBpws7Ug8,0
https://www.youtube.com/watch?v=NT3EkjxO8hs,0
https://www.youtube.com/watch?v=syMozMiJneM,0
https://www.youtube.com/watch?v=Wt6cMjn3YLg,0
https://www.youtube.com/watch?v=OEuS7fjMlMc,0
https://www.youtube.com/watch?v=1Pr-R2nKTY4,0
https://www.youtube.com/watch?v=QqdUhn99E-s,0
https://www.youtube.com/watch?v=1UygJmcHUdQ,0
https://www.youtube.com/watch?v=g4DAFnZcCcQ,0
https://www.youtube.com/watch?v=LTr8cXAxy1I,0
https://www.youtube.com/watch?v=Ow3xqv7ahXo,0
https://www.youtube.com/watch?v=TRiF8PdrIP8,0
https://www.youtube.com/watch?v=NFZ_MtTvwm0,0
https://www.youtube.com/watch?v=Pgxi8dsUW-o,0
https://www.youtube.com/watch?v=YY2-jJojnOA,0
https://www.youtube.com/watch?v=7Pogam71094,0
https://www.youtube.com/watch?v=DL0OPJ2hahc,0
https://www.youtube.com/watch?v=WwE0tR08OTU,0
https://www.youtube.com/watch?v=2LIJtcI4dbg,0
https://www.youtube.com/watch?v=rXnaD7PU9kY,0
https://www.youtube.com/watch?v=Ng_qwlvhrJo,0
https://www.youtube.com/watch?v=bzIPun3cVsw,0
https://www.youtube.com/watch?v=miKQkeq5sbU,0
https://www.youtube.com/watch?v=Lwt_VThQIdM,0
https://www.youtube.com/watch?v=P2oPACr4uuU,0
https://www.youtube.com/watch?v=h-D6ukDcS9o,0
https://www.youtube.com/watch?v=mY77HA20MzA,0
https://www.youtube.com/watch?v=4krBgDFycgY,0
https://www.youtube.com/watch?v=dpUxRIqbNlc,0
https://www.youtube.com/watch?v=Cp431S5z8PE,0
https://www.youtube.com/watch?v=ttLYXcza4j4,0
https://www.youtube.com/watch?v=3-f9DEFsh4w,0
https://www.youtube.com/watch?v=vuOTP206zWM,0
https://www.youtube.com/watch?v=J590MYm0SY8,0
https://www.youtube.com/watch?v=vGB2d5cQJpY,0
https://www.youtube.com/watch?v=M94G0iKYiSM,0
https://www.youtube.com/watch?v=pGYyUssWLTA,0
https://www.youtube.com/watch?v=j7kM8G_AjuY,0
https://www.youtube.com/watch?v=deK-My3Of0o,0
https://www.youtube.com/watch?v=oB8kFFvJdhE,0
https://www.youtube.com/watch?v=X9eXa-Uzuj0,0
https://www.youtube.com/watch?v=GxTVDClFXuc,0
https://www.youtube.com/watch?v=kGaq-Qi9hoE,0
https://www.youtube.com/watch?v=9zFfp3gzZ88,0
https://www.youtube.com/watch?v=mM2KwBYa-u4,0
https://www.youtube.com/watch?v=WAcmsAISniQ,0
https://www.youtube.com/watch?v=kqUT-s3a6tU,0
https://www.youtube.com/watch?v=NUVglXbGBfs,0
https://www.youtube.com/watch?v=T-v4b3WtPAg,0
https://www.youtube.com/watch?v=m8qGlpcfAIw,0
https://www.youtube.com/watch?v=uZPkMnv8b-o,0
https://www.youtube.com/watch?v=qVLr6SMxvJw,0
https://www.youtube.com/watch?v=4AigP5OY8JE,0
https://www.youtube.com/watch?v=RMoFUeBVefA,0
https://www.youtube.com/watch?v=ep7S1XnuQLU,0
https://www.youtube.com/watch?v=p6bzNpgbX8Y,0
https://www.youtube.com/watch?v=6T17licWsQ4,0
https://www.youtube.com/watch?v=1s6UOlWdpw4,0
https://www.youtube.com/watch?v=3LuchpUc7PU,0
https://www.youtube.com/watch?v=_f6xCA0-gAo,0
https://www.youtube.com/watch?v=lfD7kMZKuNg,0
https://www.youtube.com/watch?v=ejlkNGm82w4,0
https://www.youtube.com/watch?v=Jtj9rUqlB1Y,0
https://www.youtube.com/watch?v=ZqzFRGH_tMQ,0
https://www.youtube.com/watch?v=94A-bsumX9A,0
https://www.youtube.com/watch?v=gYaxI_allkQ,0
https://www.youtube.com/watch?v=AjXbO2XfBkE,0
https://www.youtube.com/watch?v=ZQZzR0DUujc,0
https://www.youtube.com/watch?v=-V3-fhJQZkk,0
https://www.youtube.com/watch?v=QX0wvWGW2qg,0
https://www.youtube.com/watch?v=oODUkNQAzXU,0
https://www.youtube.com/watch?v=2jWZtKTN6jU,0
https://www.youtube.com/watch?v=zsADECFHY8w,0
https://www.youtube.com/watch?v=Feh8o-HmthM,0
https://www.youtube.com/watch?v=6Xv-LVYZQxk,0
https://www.youtube.com/watch?v=8-0ZHJHp9g4,0
https://www.youtube.com/watch?v=QqIG0R-KpGk,0
https://www.youtube.com/watch?v=qENpZBzgaUM,0
https://www.youtube.com/watch?v=4DYBVA4884Y,0
https://www.youtube.com/watch?v=skEf9R0TXkM,0
https://www.youtube.com/watch?v=CnMv_zTXZ38,0
https://www.youtube.com/watch?v=bEIK5ni_Pzs,0
https://www.youtube.com/watch?v=_oZyp4mTzSQ,0
https://www.youtube.com/watch?v=is1LSWbssuA,0
https://www.youtube.com/watch?v=XR_q9_LEKuc,0
https://www.youtube.com/watch?v=X9UiBpDHW3w,0
https://www.youtube.com/watch?v=PRU47AuQF2M,0
https://www.youtube.com/watch?v=Y3Rxgf5_R_I,0
https://www.youtube.com/watch?v=R6zuvKbvKyU,0
https://www.youtube.com/watch?v=yCKe65Nvp0Q,0
https://www.youtube.com/watch?v=XBe57FyB2xU,0
https://www.youtube.com/watch?v=zpCwHwWgbsI,0
https://www.youtube.com/watch?v=lh61MVUxJt0,0
https://www.youtube.com/watch?v=yWnmEPgLroQ,0
https://www.youtube.com/watch?v=eBklqeeIu10,0
https://www.youtube.com/watch?v=SgMydsOucFg,0
https://www.youtube.com/watch?v=jPm3hRiMKuU,0
https://www.youtube.com/watch?v=OweuuinkVZI,0
https://www.youtube.com/watch?v=7Pr0HP-Trgk,0
https://www.youtube.com/watch?v=UEK0fYAqMss,0
https://www.youtube.com/watch?v=lRznKN2oPUc,0
https://www.youtube.com/watch?v=IDrS_TrjuK4,0
https://www.youtube.com/watch?v=J1lhxfZtR3M,0
https://www.youtube.com/watch?v=b_o8cz0ZNdk,0
https://www.youtube.com/watch?v=i5dhcAxO25Q,0
https://www.youtube.com/watch?v=-o_8CDbFMJ0,0
https://www.youtube.com/watch?v=v5J1Cycn3s8,0
https://www.youtube.com/watch?v=YJiqYG-Mylk,0
https://www.youtube.com/watch?v=jGE1sUTeR5g,0
https://www.youtube.com/watch?v=0tZCQ25fsoI,0
https://www.youtube.com/watch?v=N9jTogPwqVY,0
https://www.youtube.com/watch?v=yyJ7xEcENNI,0
https://www.youtube.com/watch?v=3rJgCGMPEqA,0
https://www.youtube.com/watch?v=7isfkomGg7o,0
https://www.youtube.com/watch?v=UCYefSGBP00,0
https://www.youtube.com/watch?v=dvdGkRK5a_0,0
https://www.youtube.com/watch?v=X7doE4h6W64,0
https://www.youtube.com/watch?v=GhppzOzN3MM,0
https://www.youtube.com/watch?v=QkXDatNdL4U,0
https://www.youtube.com/watch?v=hyt2t4r8lQ4,0
https://www.youtube.com/watch?v=-mlok5iT3GE,0
https://www.youtube.com/watch?v=STvOHHgJ1sQ,0
https://www.youtube.com/watch?v=2-ErX5oDzwM,0
https://www.youtube.com/watch?v=7ytYV-tVIvg,0
https://www.youtube.com/watch?v=ELIoOUKSOJQ,0
https://www.youtube.com/watch?v=uAoayezOaug,0
https://www.youtube.com/watch?v=Vr2337tCLCI,0
https://www.youtube.com/watch?v=NV7qmqbS8tM,0
https://www.youtube.com/watch?v=U9c-ycvw02A,0
https://www.youtube.com/watch?v=GfgcVOuHLAo,0
https://www.youtube.com/watch?v=zi7tZ-2PhLk,0
https://www.youtube.com/watch?v=TacjQmKCiZg,0
https://www.youtube.com/watch?v=AIytwdufwW8,0
https://www.youtube.com/watch?v=KLAI0c0Spog,0
https://www.youtube.com/watch?v=UVin8WtE5eU,0
https://www.youtube.com/watch?v=wNuxirsrwBk,0
https://www.youtube.com/watch?v=6bxZpS0cm5o,0
https://www.youtube.com/watch?v=ajJbMGq9AS4,0
https://www.youtube.com/watch?v=UXw9jqgJNNc,0
https://www.youtube.com/watch?v=E3CqKvlzl-I,0
https://www.youtube.com/watch?v=zfDr05ax0gM,0
https://www.youtube.com/watch?v=56OkH6ocYZU,0
https://www.youtube.com/watch?v=w40Z8aT5fpQ,0
https://www.youtube.com/watch?v=zgDezsMQyyU,0
https://www.youtube.com/watch?v=UEwnitHoSDw,0
https://www.youtube.com/watch?v=__SaaKSW9iE,0
https://www.youtube.com/watch?v=qWnyJ55KBKo,0
https://www.youtube.com/watch?v=52awie9G00A,0
https://www.youtube.com/watch?v=bB99NdUoxEQ,0
https://www.youtube.com/watch?v=7GjSaNi8Epg,0
https://www.youtube.com/watch?v=h5uE4ERMiTk,0
https://www.youtube.com/watch?v=umRLkCrmwcs,0
https://www.youtube.com/watch?v=rHoLyltYDtQ,0
https://www.youtube.com/watch?v=yeHjsYQ076A,0
https://www.youtube.com/watch?v=pqrdPu2ESFo,0
https://www.youtube.com/watch?v=ywZy_Fo2ydo,0
https://www.youtube.com/watch?v=qr4v9pdfVlU,0
https://www.youtube.com/watch?v=hgiPX33AHas,0
https://www.youtube.com/watch?v=oZ-Mn5p1xMw,0
https://www.youtube.com/watch?v=5UPa_hu5opg,0
https://www.youtube.com/watch?v=zv_oq5UNDAo,0
https://www.youtube.com/watch?v=NiqkH7qVW0U,0
https://www.youtube.com/watch?v=boBokLXe5o8,0
https://www.youtube.com/watch?v=7YOzgk-U4EU,0
https://www.youtube.com/watch?v=prdSftLj9-g,0
https://www.youtube.com/watch?v=pzlPJmNyepA,0
https://www.youtube.com/watch?v=QNoqAnJOSqU,0
https://www.youtube.com/watch?v=kzIA4vKyhRQ,0
https://www.youtube.com/watch?v=DfonKqMENrg,0
https://www.youtube.com/watch?v=MUQCwdkEbq0,0
https://www.youtube.com/watch?v=JlUzoQN9FWw,0
https://www.youtube.com/watch?v=0VjLq-go1fg,0
https://www.youtube.com/watch?v=uCIpW9zOmgI,0
https://www.youtube.com/watch?v=Z0Poefgrs4w,0
https://www.youtube.com/watch?v=MLN6TRB9Jxw,0
https://www.youtube.com/watch?v=vZrL_FFITgs,0
https://www.youtube.com/watch?v=L7lGD_anC00,0
https://www.youtube.com/watch?v=xu1nhAfnMGA,0
https://www.youtube.com/watch?v=D1livXdFGkQ,0
https://www.youtube.com/watch?v=bwp_3qLgWpQ,0
https://www.youtube.com/watch?v=tZpnfF0-7Ls,0
https://www.youtube.com/watch?v=BwAMltY3-c0,0
https://www.youtube.com/watch?v=7HBR3Ea72CY,0
https://www.youtube.com/watch?v=Ds9H2UnUHL0,0
https://www.youtube.com/watch?v=iqUFeWAVp-0,0
https://www.youtube.com/watch?v=W2skFWRk6qo,0
https://www.youtube.com/watch?v=X_qd-1xSTFA,0
https://www.youtube.com/watch?v=VWa0ImMY2bQ,0
https://www.youtube.com/watch?v=fEcASr38n2E,0
https://www.youtube.com/watch?v=udmf5MQLNGA,0
https://www.youtube.com/watch?v=0dg2eR2NSQ0,0
https://www.youtube.com/watch?v=6BNOWeYFyP8,0
https://www.youtube.com/watch?v=LDegY-H60_U,0
https://www.youtube.com/watch?v=D51HaR-XvgM,0
https://www.youtube.com/watch?v=Rio7r_vLUEo,0
https://www.youtube.com/watch?v=8E5Ygl02wtM,0
https://www.youtube.com/watch?v=moMJjt5KECc,0
https://www.youtube.com/watch?v=OffgqPzDi7Q,0
https://www.youtube.com/watch?v=B_7uD3B62MM,0
https://www.youtube.com/watch?v=bA20RJcegOI,0
https://www.youtube.com/watch?v=NbHwVDt9Rjk,0
https://www.youtube.com/watch?v=VzsE09KjpKA,0
https://www.youtube.com/watch?v=HduubRTdko4,0
https://www.youtube.com/watch?v=qFOGv5zuTdw,0
https://www.youtube.com/watch?v=u6t4jrhs56Q,0
https://www.youtube.com/watch?v=460GXJiGCEs,0
https://www.youtube.com/watch?v=ZiuoOcj2eLY,0
https://www.youtube.com/watch?v=LYK6SPMtJ_Y,0
https://www.youtube.com/watch?v=2ljWxaMvE_0,0
https://www.youtube.com/watch?v=rSuuQ_s8gOw,0
https://www.youtube.com/watch?v=vKKhX-Uyggw,0
https://www.youtube.com/watch?v=EAwXH82m-6A,0
https://www.youtube.com/watch?v=U_07AG_CR5A,0
https://www.youtube.com/watch?v=Xe0AGtF5aNU,0
https://www.youtube.com/watch?v=NCv0drAPm_M,0
https://www.youtube.com/watch?v=HuLAAXZXIy0,0
https://www.youtube.com/watch?v=pV7UcYW1OwA,0
https://www.youtube.com/watch?v=x4IXCimma-s,0
https://www.youtube.com/watch?v=anZbhN0Wh_4,0
https://www.youtube.com/watch?v=3Q3pQmzWyZM,0
https://www.youtube.com/watch?v=BqS4iVHa-LU,0
https://www.youtube.com/watch?v=zX04jQFKCpo,0
https://www.youtube.com/watch?v=G7Y9ban7b0U,0
https://www.youtube.com/watch?v=EMVvA5Cr0fY,0
https://www.youtube.com/watch?v=e14MroQ5k_s,0
https://www.youtube.com/watch?v=CuzdxsOXEZ8,0
https://www.youtube.com/watch?v=67Wj-0OyKOM,0
https://www.youtube.com/watch?v=LWstCINhd8g,0
https://www.youtube.com/watch?v=dg6iqLCPizs,0
https://www.youtube.com/watch?v=cRPldarzw-M,0
https://www.youtube.com/watch?v=-rdYtmUejSE,0
https://www.youtube.com/watch?v=tusuuI7MEJU,0
https://www.youtube.com/watch?v=XDe5f8BEvwY,0
https://www.youtube.com/watch?v=BtCGABBPH9s,0
https://www.youtube.com/watch?v=KJ_C_NSl0P8,0
https://www.youtube.com/watch?v=LI8nWXeYtOs,0
https://www.youtube.com/watch?v=LMe7k8I082w,0
https://www.youtube.com/watch?v=h77pHTSPSiw,0
https://www.youtube.com/watch?v=JUiijjJOInw,0
https://www.youtube.com/watch?v=gpbY6zCEBv4,0
https://www.youtube.com/watch?v=Kgu2ApayYvI,0
https://www.youtube.com/watch?v=S9PIukDRcvk,0
https://www.youtube.com/watch?v=lrw3zkGS9Vc,0
https://www.youtube.com/watch?v=IQYW_lVBYGo,0
https://www.youtube.com/watch?v=iOjxpow6jow,0
https://www.youtube.com/watch?v=GdD2pqAdjXY,0
https://www.youtube.com/watch?v=nmHCmLVLxcU,0
https://www.youtube.com/watch?v=TZPlDuYrcDQ,0
https://www.youtube.com/watch?v=Oub4nMrNTqQ,0
https://www.youtube.com/watch?v=h5Z36IuyrKc,0
https://www.youtube.com/watch?v=2IGxSOfsBok,0
https://www.youtube.com/watch?v=ZxkLCq49Tvk,0
https://www.youtube.com/watch?v=smDPnIdlkhM,0
https://www.youtube.com/watch?v=DjMYkWCEan8,0
https://www.youtube.com/watch?v=3nn_skHgkqI,0
https://www.youtube.com/watch?v=A8IkOqb_7Yg,0
https://www.youtube.com/watch?v=hHl_YMivv3c,0
https://www.youtube.com/watch?v=7mLSbgyjM0g,0
https://www.youtube.com/watch?v=TGKkMl17Htg,0
https://www.youtube.com/watch?v=Qw3eFnsSdlQ,0
https://www.youtube.com/watch?v=KcNCJ1mgt14,0
https://www.youtube.com/watch?v=A4lp4FRCo6o,0
https://www.youtube.com/watch?v=WYKZz3Zygdc,0
https://www.youtube.com/watch?v=5U2fmvh9_Is,0
https://www.youtube.com/watch?v=xvIpibLjs5k,0
https://www.youtube.com/watch?v=jlpAON0ePME,0
https://www.youtube.com/watch?v=sfp0a6zDoNQ,0
https://www.youtube.com/watch?v=RaDRWNz3Al4,0
https://www.youtube.com/watch?v=Ms9MGkEm4mg,0
https://www.youtube.com/watch?v=90wWStXJX5c,0
https://www.youtube.com/watch?v=ruSVy-u2DzM,0
https://www.youtube.com/watch?v=pP1KMQb51GA,0
https://www.youtube.com/watch?v=dPxAFqs2eYE,0
https://www.youtube.com/watch?v=p-KVD5rA_Cw,0
https://www.youtube.com/watch?v=JdCgkcb1iwQ,0
https://www.youtube.com/watch?v=7anhkLPRk-A,0
https://www.youtube.com/watch?v=XVMY7B3AzWM,0
https://www.youtube.com/watch?v=QXag-irFHxE,0
https://www.youtube.com/watch?v=vBEGODNmdas,0
https://www.youtube.com/watch?v=v3tbnlc5cfo,0
https://www.youtube.com/watch?v=ObYLL97-SBA,0
https://www.youtube.com/watch?v=IaR7P4-wFK8,0
https://www.youtube.com/watch?v=v1ELS84GQu8,0
https://www.youtube.com/watch?v=ctJORnOjbrQ,0
https://www.youtube.com/watch?v=-hrPQFaDVKQ,0
https://www.youtube.com/watch?v=bIZ5_L1ru2w,0
https://www.youtube.com/watch?v=yyssjJEJMt4,0
https://www.youtube.com/watch?v=2bwPntvb90U,0
https://www.youtube.com/watch?v=Wz1VHTZq16c,0
https://www.youtube.com/watch?v=Cs-kyTJso-A,0
https://www.youtube.com/watch?v=jkqd-oc0F00,0
https://www.youtube.com/watch?v=mVkT6Cd9SoI,0
https://www.youtube.com/watch?v=rffyxTTNkyk,0
https://www.youtube.com/watch?v=OOesLeO6-pc,0
https://www.youtube.com/watch?v=Q5lcjP6XlHw,0
https://www.youtube.com/watch?v=sE3ZZmYotSs,0
https://www.youtube.com/watch?v=pUwUAtmBKxw,0
https://www.youtube.com/watch?v=p5rGgPZtjDw,0
https://www.youtube.com/watch?v=bWDmDsdvoBs,0
https://www.youtube.com/watch?v=OJA1QK-j-Oo,0
https://www.youtube.com/watch?v=KL1X8NsVGd0,0
https://www.youtube.com/watch?v=q2HoSwCMcZw,0
https://www.youtube.com/watch?v=RRknlgRqOds,0
https://www.youtube.com/watch?v=j93M46a-W3U,0
https://www.youtube.com/watch?v=uqjfMNEWNIg,0
https://www.youtube.com/watch?v=X-g9aT2wFjM,0
https://www.youtube.com/watch?v=pHKlrJeKmjA,0
https://www.youtube.com/watch?v=C82suucz4i4,0
https://www.youtube.com/watch?v=H_DYlka7QAQ,0
https://www.youtube.com/watch?v=ov0KQthQ50U,0
https://www.youtube.com/watch?v=MC-7ziNt_U4,0
https://www.youtube.com/watch?v=PNsF1Uh5yP8,0
https://www.youtube.com/watch?v=9Y2sAtN5yRs,0
https://www.youtube.com/watch?v=-z349CGAOXs,0
https://www.youtube.com/watch?v=pl4xmh3RWfE,0
https://www.youtube.com/watch?v=6z5RwrvnH28,0
https://www.youtube.com/watch?v=ivdQqobHDPc,0
https://www.youtube.com/watch?v=uUIlb2rpIuY,0
https://www.youtube.com/watch?v=Ros1PpcO5Js,0
https://www.youtube.com/watch?v=KYv1nqutbK0,0
https://www.youtube.com/watch?v=7Yi-ctyTNU4,0
https://www.youtube.com/watch?v=VN2-3OfUzd8,0
https://www.youtube.com/watch?v=-2IFrMOM36w,0
https://www.youtube.com/watch?v=7dIFHQkrASM,0
https://www.youtube.com/watch?v=QicO1Gd0kvU,0
https://www.youtube.com/watch?v=yFfcsmK2TOA,0
https://www.youtube.com/watch?v=Jl0-6tbNGBo,0
https://www.youtube.com/watch?v=IAbX0FwX-GY,0
https://www.youtube.com/watch?v=XKSJRulqDNA,0
https://www.youtube.com/watch?v=jysfHFHNjYQ,0
https://www.youtube.com/watch?v=Yox25V8Qsm4,0
https://www.youtube.com/watch?v=clcN3OA8SNw,0
https://www.youtube.com/watch?v=m3lTwO0aNyw,0
https://www.youtube.com/watch?v=gchqnwXlxJw,0
https://www.youtube.com/watch?v=atCPtw4dg7g,0
https://www.youtube.com/watch?v=t8aM4HuVLrQ,0
https://www.youtube.com/watch?v=M82VAcabSiA,0
https://www.youtube.com/watch?v=7qj3nuF9Dzw,0
https://www.youtube.com/watch?v=Y74b7WlcEpk,0
https://www.youtube.com/watch?v=Z8nEEdXTaX0,0
https://www.youtube.com/watch?v=jP82d277Cc8,0
https://www.youtube.com/watch?v=2XVcLrB7B3Y,0
